wine_ID,target
3518.0,5.805
1622.0,5.101
2443.0,5.02
3521.0,6.563
1161.0,6.0
1035.0,6.199
3788.0,5.17
3130.0,6.531
864.0,5.887
4797.0,6.52
2572.0,5.375
3397.0,5.569
311.0,6.803
882.0,6.001
502.0,5.011
1817.0,4.95
4434.0,5.734
3816.0,5.432
4315.0,6.999
4442.0,5.0
170.0,6.488
1748.0,5.581
3071.0,6.38
4275.0,6.0
4786.0,7.249
2768.0,6.0
1831.0,6.66
3029.0,6.439
3694.0,5.001
641.0,5.535
1829.0,6.997
3476.0,6.948
48.0,5.352
3885.0,6.002
2799.0,6.447
1139.0,6.12
4323.0,5.795
3728.0,6.757
3054.0,5.805
2657.0,6.486
3241.0,6.335
3164.0,6.092
1990.0,4.705
444.0,6.478
3141.0,5.542
4068.0,6.0
982.0,6.732
831.0,6.278
202.0,5.77
2830.0,5.632
1414.0,6.462
2806.0,5.284
1806.0,5.0
3537.0,5.708
910.0,5.149
2401.0,5.633
2066.0,5.58
4681.0,6.382
4459.0,5.867
4418.0,6.0
1362.0,6.365
2590.0,6.348
768.0,7.0
2308.0,5.001
2551.0,5.995
4817.0,6.272
1696.0,5.42
861.0,6.137
4214.0,5.0
4184.0,6.76
1014.0,5.982
2033.0,5.408
2902.0,5.0
3493.0,7.0
1008.0,6.069
495.0,6.956
3179.0,5.7
2115.0,5.001
3617.0,5.636
737.0,5.001
3605.0,5.0
1531.0,6.385
3688.0,6.492
771.0,6.075
2303.0,5.141
2531.0,4.0
3964.0,5.214
1034.0,4.887
2619.0,5.388
98.0,5.063
4492.0,6.238
2339.0,5.999
1364.0,5.005
3365.0,6.487
2234.0,5.304
2149.0,6.393
4337.0,8.0
2270.0,6.999
2132.0,5.447
661.0,6.998
3482.0,7.025
1237.0,6.387
1785.0,6.0
2178.0,5.002
4033.0,6.072
4046.0,7.0
143.0,5.646
3414.0,6.065
1644.0,5.935
499.0,5.14
729.0,5.049
1828.0,5.705
3768.0,6.0
263.0,5.696
3671.0,6.944
1570.0,5.599
4374.0,5.073
3629.0,5.242
4456.0,5.0
4688.0,6.0
3849.0,5.433
3225.0,6.898
2070.0,5.218
2529.0,5.128
880.0,6.14
4385.0,5.0
1467.0,6.765
2650.0,5.302
533.0,5.999
4587.0,6.207
1189.0,5.026
3582.0,6.096
3118.0,7.02
1524.0,5.36
528.0,6.885
42.0,5.351
3932.0,6.293
4697.0,6.724
4202.0,6.625
3411.0,5.997
2141.0,5.001
1380.0,7.072
558.0,5.379
2623.0,6.995
4189.0,5.444
1290.0,5.401
4549.0,5.001
2235.0,6.0
4059.0,6.0
2756.0,5.341
2193.0,6.189
1906.0,5.737
3955.0,6.0
3986.0,6.52
2323.0,6.19
148.0,6.631
572.0,5.343
14.0,5.282
124.0,6.008
593.0,5.0
3961.0,5.097
4612.0,5.171
2043.0,6.258
2601.0,5.643
1563.0,6.005
2457.0,5.708
4630.0,5.965
3175.0,5.929
2131.0,5.447
1281.0,7.002
1746.0,5.783
1391.0,6.459
3594.0,5.923
1615.0,6.472
979.0,5.646
3266.0,6.311
733.0,6.0
2653.0,5.234
2526.0,6.883
526.0,4.997
4364.0,5.999
4762.0,6.165
1066.0,5.325
2990.0,7.007
2714.0,5.512
4160.0,7.0
119.0,5.043
318.0,6.397
2817.0,7.0
206.0,5.0
4721.0,5.811
4482.0,6.241
3522.0,5.192
3382.0,6.998
3710.0,4.629
3545.0,5.996
1277.0,5.003
4231.0,6.44
2456.0,5.708
3064.0,5.0
2224.0,6.998
4631.0,6.053
1749.0,5.822
4553.0,6.038
2819.0,6.218
3814.0,5.577
467.0,5.047
3836.0,6.0
2824.0,5.558
4307.0,6.045
1145.0,5.001
735.0,6.0
944.0,5.904
3407.0,5.0
2682.0,6.268
2407.0,6.092
3287.0,7.0
812.0,5.042
991.0,4.655
695.0,5.592
2631.0,6.483
4674.0,6.481
1132.0,5.399
3822.0,6.666
1881.0,6.0
1001.0,5.845
1278.0,5.643
4783.0,6.0
4322.0,6.013
4711.0,5.975
4240.0,5.905
15.0,6.336
2795.0,6.716
144.0,6.12
252.0,5.414
519.0,5.701
287.0,7.0
597.0,6.147
214.0,7.0
2521.0,6.882
3442.0,6.27
4778.0,5.825
12.0,5.903
3981.0,6.424
4281.0,5.0
3895.0,6.17
472.0,6.795
993.0,5.315
2455.0,6.0
233.0,5.999
4534.0,6.132
4149.0,6.825
1160.0,6.002
2865.0,6.032
4314.0,6.997
509.0,6.999
1246.0,5.887
2915.0,6.0
1977.0,5.688
4150.0,4.965
1520.0,5.163
2891.0,5.642
4857.0,5.902
1180.0,4.982
863.0,6.837
3714.0,5.476
2949.0,5.384
2223.0,5.342
4285.0,6.0
2579.0,5.58
4431.0,6.439
294.0,4.91
2340.0,5.556
693.0,5.193
2955.0,6.234
4324.0,6.238
3158.0,7.0
1597.0,5.572
4379.0,5.0
2048.0,5.079
2931.0,7.997
1870.0,5.78
4751.0,5.768
4246.0,6.23
347.0,6.184
2310.0,5.0
2534.0,5.8
4768.0,5.997
3438.0,5.007
773.0,5.72
1590.0,6.336
1571.0,5.415
4479.0,5.007
1921.0,5.002
4127.0,5.185
3536.0,6.111
4359.0,5.139
1526.0,5.735
1051.0,5.768
3177.0,5.709
4340.0,8.0
134.0,5.397
3303.0,6.86
2172.0,4.999
3042.0,5.92
2984.0,5.147
2738.0,5.0
3450.0,7.0
840.0,6.926
1314.0,5.358
3635.0,5.484
3572.0,5.937
154.0,5.587
3485.0,5.773
2460.0,5.0
1657.0,6.717
2829.0,6.299
1142.0,5.002
142.0,6.204
3924.0,5.0
2462.0,4.96
2447.0,5.827
3154.0,6.69
4494.0,6.001
1893.0,5.221
3723.0,7.0
3357.0,6.346
3233.0,6.491
1996.0,6.0
2678.0,5.0
1633.0,6.046
683.0,5.544
4398.0,5.604
2036.0,5.662
1722.0,6.405
2368.0,5.493
1122.0,6.404
1861.0,6.056
2702.0,5.728
451.0,5.897
1515.0,6.141
2873.0,6.63
2433.0,5.103
1741.0,6.91
3443.0,6.141
3036.0,4.984
2655.0,5.584
629.0,5.849
3636.0,5.98
3254.0,6.026
3528.0,5.118
4339.0,5.81
2009.0,6.609
4671.0,5.0
1843.0,6.448
2481.0,5.317
3196.0,6.998
247.0,6.691
517.0,6.148
2014.0,5.86
2761.0,5.579
1108.0,6.531
2453.0,6.273
3907.0,6.992
1666.0,5.006
4781.0,5.095
634.0,6.587
456.0,6.663
1940.0,5.0
257.0,6.999
4732.0,6.0
2858.0,6.998
1220.0,5.809
130.0,5.632
302.0,6.001
2468.0,5.852
3370.0,6.887
3251.0,5.814
2939.0,8.0
1564.0,5.0
2079.0,5.308
2306.0,5.369
2017.0,5.86
4396.0,5.604
1330.0,5.313
1327.0,5.642
842.0,7.0
4806.0,5.515
1328.0,6.182
90.0,5.995
1196.0,6.998
2247.0,6.001
818.0,5.001
3553.0,6.0
3949.0,5.001
1887.0,5.386
1953.0,6.182
1022.0,6.443
1425.0,6.025
2615.0,7.0
1864.0,6.093
2484.0,5.243
1718.0,5.619
1063.0,5.085
4714.0,6.995
1826.0,5.316
3780.0,5.0
1772.0,5.985
3663.0,6.877
731.0,5.588
3150.0,6.77
751.0,6.227
1495.0,7.41
3872.0,5.256
1766.0,5.146
1568.0,5.416
39.0,5.32
443.0,5.671
3690.0,6.336
4169.0,6.283
971.0,7.133
394.0,5.328
4488.0,6.553
2095.0,5.508
548.0,6.363
3930.0,6.196
2000.0,5.09
1916.0,5.002
2868.0,5.783
994.0,5.762
1136.0,7.272
2629.0,5.26
1601.0,5.669
2067.0,5.62
3270.0,5.002
4119.0,6.268
44.0,5.934
3284.0,6.568
539.0,5.481
3615.0,6.002
530.0,6.36
2243.0,5.952
527.0,7.068
980.0,5.587
2849.0,5.149
2377.0,5.877
1106.0,6.389
3263.0,7.315
3855.0,6.538
4811.0,6.156
2626.0,6.157
8.0,5.267
3063.0,5.0
834.0,5.999
3641.0,5.999
3006.0,6.006
4489.0,6.552
2728.0,6.0
2580.0,5.388
2635.0,6.51
888.0,6.002
1750.0,6.057
1386.0,7.0
3420.0,5.184
4141.0,6.0
1859.0,5.701
4254.0,5.692
462.0,5.235
875.0,6.14
1712.0,5.648
34.0,5.621
1670.0,5.64
1369.0,5.082
2420.0,6.66
4371.0,5.452
317.0,5.016
227.0,5.541
2667.0,6.391
479.0,6.124
2194.0,5.978
2805.0,6.255
3416.0,6.0
29.0,7.104
4712.0,5.821
464.0,5.0
1096.0,5.97
4100.0,5.829
2464.0,5.641
371.0,6.0
4458.0,6.441
2147.0,5.776
878.0,5.907
1974.0,5.0
3587.0,6.0
3724.0,6.109
194.0,5.056
4767.0,5.637
2182.0,5.743
3784.0,6.0
1332.0,5.78
917.0,6.069
4113.0,6.109
3040.0,5.787
3620.0,6.291
2694.0,6.0
4695.0,6.724
4358.0,5.25
4885.0,5.978
4065.0,6.664
4408.0,5.027
1185.0,5.256
2797.0,5.001
4481.0,5.001
684.0,6.058
3322.0,6.667
3434.0,6.005
3147.0,6.0
4626.0,6.0
147.0,4.791
4276.0,7.063
3378.0,7.988
1547.0,5.77
559.0,7.073
1833.0,6.661
1121.0,5.442
1675.0,5.295
1702.0,4.991
2250.0,5.379
217.0,5.0
2240.0,5.279
3294.0,5.725
532.0,5.999
1399.0,6.245
388.0,6.108
2764.0,6.0
1282.0,5.127
3069.0,5.597
3805.0,6.0
3807.0,5.964
4855.0,6.0
4181.0,5.754
535.0,5.0
4881.0,5.996
555.0,6.999
3875.0,5.88
4313.0,6.117
3709.0,5.207
1692.0,6.005
2385.0,5.585
429.0,5.234
3379.0,5.001
4088.0,5.875
4798.0,5.794
2724.0,6.0
3789.0,5.199
304.0,6.0
4462.0,6.493
2272.0,5.938
2189.0,6.189
4793.0,5.046
4707.0,5.986
2611.0,5.446
3957.0,6.087
1326.0,5.491
286.0,5.616
1835.0,5.118
3634.0,6.105
4831.0,5.186
2279.0,5.508
4506.0,6.114
4166.0,6.099
9.0,6.108
2426.0,5.999
4234.0,5.798
3684.0,7.001
1427.0,5.006
4705.0,5.821
3718.0,5.001
2641.0,5.858
2505.0,5.366
3614.0,5.0
4301.0,5.163
3039.0,5.295
2402.0,5.596
2892.0,5.0
3760.0,6.03
3032.0,6.213
745.0,6.864
1523.0,5.554
2553.0,7.0
187.0,6.365
1983.0,8.0
3939.0,6.001
4618.0,6.941
3176.0,6.309
70.0,5.29
3277.0,6.041
949.0,5.777
2854.0,6.004
4402.0,6.266
2716.0,5.0
4502.0,6.033
660.0,5.0
4244.0,5.044
2164.0,6.177
3985.0,6.52
3523.0,5.0
3184.0,6.421
2932.0,5.671
2369.0,6.005
4225.0,5.665
4761.0,6.002
1172.0,6.008
1.0,5.267
620.0,5.334
224.0,5.512
2942.0,5.307
3348.0,6.0
1668.0,5.918
2406.0,6.878
1995.0,6.0
2804.0,6.718
20.0,7.999
938.0,5.613
3698.0,6.253
3260.0,6.0
396.0,5.001
1837.0,6.999
283.0,5.398
3894.0,6.339
4583.0,5.59
557.0,5.429
2429.0,6.0
2315.0,6.362
380.0,6.997
916.0,6.297
3304.0,7.0
3689.0,7.987
72.0,5.091
4624.0,6.39
3777.0,6.706
2726.0,5.771
4733.0,5.802
401.0,5.329
4067.0,5.659
1624.0,6.116
2809.0,7.0
2703.0,5.729
2355.0,6.313
3484.0,6.948
4884.0,5.67
1370.0,5.61
4264.0,6.127
521.0,5.567
489.0,5.496
3888.0,6.0
2753.0,6.246
274.0,5.419
1357.0,5.464
3099.0,6.679
4864.0,5.229
4311.0,6.115
2293.0,7.003
3240.0,6.205
188.0,7.266
4749.0,5.149
1926.0,5.708
776.0,5.969
3262.0,5.951
3626.0,5.631
195.0,5.085
2075.0,5.005
2493.0,4.0
1865.0,5.472
4217.0,4.003
3097.0,6.207
1528.0,5.735
2177.0,5.268
1170.0,5.425
4473.0,5.276
3432.0,6.23
1700.0,5.95
3200.0,6.88
6.0,5.379
2350.0,5.573
470.0,5.09
1095.0,6.479
1091.0,6.11
1171.0,4.982
2175.0,6.912
976.0,6.36
4395.0,5.648
3323.0,6.237
3439.0,5.0
4800.0,6.177
3904.0,7.168
4165.0,6.097
4381.0,6.567
1586.0,5.297
3858.0,6.625
1460.0,6.26
1867.0,6.847
843.0,7.001
405.0,5.0
3874.0,5.282
346.0,6.127
4862.0,6.264
3498.0,5.619
3276.0,6.859
1928.0,6.054
1533.0,6.002
3037.0,5.92
1270.0,6.998
4772.0,5.241
4391.0,5.398
4880.0,6.0
3074.0,6.016
3359.0,6.0
66.0,7.094
4741.0,6.117
3025.0,6.38
413.0,5.002
4291.0,5.0
487.0,5.936
914.0,5.006
1168.0,6.102
2705.0,5.891
4536.0,5.965
1783.0,4.994
3297.0,5.129
1422.0,5.465
3960.0,5.559
2092.0,4.972
1086.0,6.386
2518.0,6.999
379.0,5.557
4873.0,6.42
33.0,6.004
2103.0,5.662
3769.0,5.0
2301.0,5.585
2986.0,7.0
4321.0,5.608
1514.0,6.995
2591.0,6.25
2284.0,5.0
2905.0,5.204
2972.0,5.908
2337.0,5.246
49.0,5.984
1511.0,5.761
3008.0,7.211
244.0,5.417
675.0,5.302
381.0,5.546
2718.0,5.562
1830.0,6.999
223.0,5.833
3202.0,6.816
2065.0,5.507
4875.0,5.533
893.0,6.897
1448.0,6.0
1379.0,4.722
4091.0,5.851
1654.0,5.196
2006.0,5.996
3403.0,5.803
895.0,5.989
3171.0,6.309
3978.0,5.893
4476.0,6.358
2090.0,5.16
1465.0,5.931
125.0,6.315
977.0,5.88
2658.0,6.209
3140.0,6.0
2525.0,8.0
349.0,6.101
2689.0,5.999
4129.0,6.557
4380.0,5.776
3385.0,6.522
3449.0,7.999
1267.0,6.995
3990.0,5.515
3711.0,6.0
1815.0,6.0
4847.0,6.398
3307.0,5.999
4097.0,5.851
465.0,5.577
2027.0,5.169
2200.0,5.295
2648.0,5.782
4655.0,7.0
4550.0,5.888
210.0,5.72
4228.0,5.353
3828.0,6.007
1319.0,5.247
3503.0,6.799
3563.0,5.001
415.0,6.001
1336.0,7.982
4529.0,5.926
167.0,7.133
3315.0,6.412
3480.0,7.995
348.0,6.023
4060.0,5.001
2124.0,7.0
3213.0,6.044
3305.0,6.761
2701.0,5.728
1456.0,6.002
4557.0,5.418
4617.0,6.782
2268.0,5.372
3645.0,6.514
2851.0,5.731
1294.0,4.099
4027.0,5.16
3950.0,5.0
4844.0,6.155
4578.0,6.399
88.0,5.866
4701.0,6.0
4809.0,5.939
3326.0,5.813
3388.0,6.137
4441.0,6.062
608.0,5.602
1771.0,6.0
1540.0,5.998
4194.0,6.0
4230.0,5.439
30.0,5.671
4592.0,6.256
4533.0,5.749
3234.0,5.548
1854.0,6.073
871.0,5.001
1457.0,6.002
4062.0,6.015
1042.0,5.47
1116.0,5.003
3736.0,6.455
4309.0,6.285
3649.0,6.403
828.0,6.264
2832.0,6.229
1484.0,4.947
531.0,5.767
138.0,6.447
3652.0,5.762
642.0,5.979
4017.0,6.233
4724.0,5.809
1041.0,5.627
1461.0,6.151
2571.0,6.23
3848.0,5.55
2706.0,5.602
872.0,6.057
1892.0,5.221
3592.0,6.92
4848.0,6.0
3104.0,5.926
3902.0,5.851
3554.0,6.0
4513.0,6.072
4504.0,5.594
1411.0,6.246
1742.0,5.999
3514.0,6.67
3100.0,6.182
1453.0,6.998
1715.0,7.995
2212.0,6.002
326.0,5.713
1363.0,5.05
2500.0,5.001
2262.0,5.425
965.0,6.043
601.0,6.077
172.0,4.619
1238.0,7.0
2265.0,5.002
483.0,5.228
520.0,5.567
1595.0,5.572
3363.0,6.007
4095.0,6.0
241.0,5.888
3879.0,5.244
4677.0,6.999
1155.0,5.758
2100.0,4.999
3269.0,5.002
1045.0,6.262
725.0,5.382
1965.0,5.332
3016.0,6.0
1083.0,6.0
1551.0,5.64
2232.0,5.425
1789.0,6.502
3181.0,6.003
4826.0,6.0
3088.0,6.266
3117.0,6.995
308.0,5.866
376.0,5.556
2029.0,5.992
873.0,5.131
65.0,5.092
3508.0,5.0
4400.0,5.604
3861.0,6.0
4139.0,6.999
1607.0,5.73
4716.0,5.333
3046.0,6.76
4838.0,5.857
3931.0,6.646
4892.0,5.788
4644.0,6.32
113.0,5.0
3908.0,6.998
496.0,5.14
3573.0,6.053
2636.0,5.001
825.0,6.097
1545.0,6.066
3126.0,7.098
1262.0,6.0
4377.0,6.001
1642.0,5.935
4692.0,5.174
678.0,7.0
3812.0,5.003
918.0,6.671
1819.0,6.991
452.0,5.662
2012.0,6.112
2720.0,6.457
2207.0,6.257
3479.0,7.335
450.0,5.462
3488.0,6.164
3633.0,6.0
2563.0,5.327
1961.0,5.268
4070.0,5.451
282.0,5.4
4287.0,5.482
2228.0,6.999
1848.0,5.187
4216.0,5.0
582.0,5.552
137.0,5.008
3700.0,5.298
2058.0,5.425
704.0,6.886
1985.0,5.963
3766.0,5.0
2784.0,6.0
4413.0,7.0
2559.0,5.327
161.0,5.446
1433.0,6.563
2707.0,5.729
2887.0,6.39
1790.0,5.467
1065.0,5.003
852.0,6.303
978.0,6.998
1632.0,6.947
4514.0,5.331
1957.0,5.767
3474.0,5.999
2953.0,5.0
2616.0,7.0
4527.0,5.999
1933.0,5.138
159.0,6.59
1778.0,8.0
2729.0,6.998
1736.0,5.492
1247.0,6.183
3552.0,6.0
398.0,5.493
2843.0,5.806
1224.0,7.0
962.0,6.001
3354.0,6.619
176.0,6.394
1206.0,5.461
3994.0,7.0
4743.0,5.005
3619.0,5.999
2772.0,7.04
867.0,6.584
3786.0,5.254
1098.0,5.889
2229.0,5.999
3214.0,6.362
2285.0,5.0
2796.0,7.0
2584.0,7.0
1031.0,5.596
3169.0,5.997
4300.0,5.191
189.0,5.844
2249.0,5.0
2846.0,6.997
1421.0,6.322
3167.0,6.611
2979.0,7.347
4610.0,5.167
4598.0,5.999
4804.0,5.839
2600.0,6.536
2876.0,5.632
3915.0,7.142
4581.0,5.957
3312.0,6.977
2078.0,6.137
3350.0,6.004
3669.0,6.881
4096.0,5.187
140.0,5.235
2419.0,5.357
4474.0,5.724
4678.0,6.0
534.0,5.999
3375.0,5.921
152.0,6.0
322.0,5.957
1513.0,6.348
276.0,6.126
3773.0,6.823
584.0,6.252
3512.0,6.017
476.0,6.968
1156.0,5.999
992.0,5.757
4118.0,6.205
2372.0,4.93
59.0,5.957
2840.0,6.314
2998.0,6.719
342.0,5.527
3656.0,6.293
2102.0,5.516
3672.0,6.614
780.0,5.003
265.0,5.0
667.0,6.0
1580.0,5.0
402.0,5.037
1984.0,8.0
2060.0,5.7
2266.0,5.417
3884.0,6.0
716.0,5.503
1710.0,5.176
3464.0,5.428
4021.0,5.438
2294.0,7.0
898.0,5.647
1163.0,6.0
4894.0,5.34
794.0,5.545
2011.0,5.0
2201.0,5.617
2740.0,5.657
2475.0,4.598
575.0,5.971
2133.0,6.09
4.0,6.0
3475.0,5.999
4037.0,5.105
3803.0,6.002
3726.0,6.504
2382.0,7.996
2381.0,5.994
3229.0,6.054
4325.0,5.0
1922.0,5.805
3540.0,6.748
1450.0,6.0
352.0,5.536
4098.0,6.004
2549.0,5.919
4397.0,5.604
3519.0,6.929
4284.0,6.0
3759.0,6.051
3916.0,6.003
546.0,6.177
3381.0,6.005
1192.0,5.999
3755.0,6.052
1029.0,5.691
2378.0,5.329
4664.0,6.673
4299.0,5.278
1248.0,6.106
4430.0,5.343
1573.0,5.628
4076.0,5.628
3776.0,6.513
2423.0,5.398
4483.0,5.027
1824.0,5.316
3538.0,7.059
2709.0,5.0
1593.0,5.565
1688.0,5.049
3014.0,6.0
3481.0,5.679
2030.0,5.725
4634.0,6.402
4511.0,6.0
3490.0,6.993
933.0,5.707
2574.0,5.894
1213.0,5.999
2537.0,6.0
4375.0,5.893
2217.0,5.762
1452.0,6.0
3647.0,6.905
1989.0,6.841
96.0,6.0
4507.0,6.141
4086.0,5.294
1900.0,5.325
2087.0,5.744
939.0,5.726
847.0,5.4
1442.0,5.413
333.0,5.813
2894.0,6.394
690.0,6.142
4312.0,6.001
2875.0,6.001
854.0,6.302
3639.0,6.215
1377.0,5.541
613.0,5.0
3010.0,5.338
3067.0,5.617
2183.0,5.442
4660.0,6.094
480.0,5.228
621.0,5.431
2364.0,5.032
1705.0,6.507
4308.0,6.231
446.0,6.855
4000.0,6.0
783.0,7.998
3914.0,6.994
1525.0,4.999
1273.0,5.0
4659.0,5.972
3235.0,6.005
4229.0,5.569
3865.0,7.084
4138.0,5.899
3194.0,5.741
2853.0,6.002
3220.0,6.03
549.0,5.181
2400.0,5.497
3790.0,5.001
1212.0,6.262
4172.0,5.855
3065.0,6.333
4106.0,5.65
1231.0,6.936
2826.0,6.0
2899.0,5.528
789.0,5.997
3182.0,5.0
561.0,5.328
298.0,6.154
1299.0,6.125
4625.0,5.155
2585.0,7.0
1939.0,5.202
4640.0,6.02
728.0,6.058
4764.0,6.201
4607.0,5.971
4168.0,6.275
3325.0,6.785
1606.0,6.006
2535.0,6.0
36.0,5.44
806.0,5.825
2241.0,5.0
3660.0,7.998
1788.0,6.55
1343.0,5.406
2913.0,5.589
4579.0,5.949
31.0,5.501
1840.0,5.868
2345.0,5.785
700.0,5.268
2895.0,5.242
3682.0,6.992
3405.0,5.721
4542.0,5.0
3043.0,5.444
1197.0,6.995
1889.0,5.742
4698.0,5.691
896.0,5.928
18.0,5.857
1662.0,6.006
2152.0,5.729
4019.0,4.996
3732.0,5.0
1315.0,6.075
3731.0,6.399
1651.0,5.269
1303.0,5.928
474.0,5.495
4304.0,5.875
2731.0,5.139
1855.0,5.701
2752.0,6.492
567.0,5.996
1949.0,5.144
2267.0,6.001
4053.0,7.0
2089.0,5.999
3900.0,4.999
1979.0,5.208
4205.0,6.002
666.0,7.274
3655.0,6.878
3943.0,5.835
2126.0,5.518
4663.0,6.938
2527.0,5.973
2847.0,6.202
162.0,5.295
3030.0,6.439
295.0,5.716
2055.0,5.745
1493.0,7.391
2621.0,5.0
4540.0,6.004
4561.0,6.072
1430.0,4.966
4433.0,5.148
2478.0,5.999
669.0,5.392
2148.0,5.0
2632.0,5.136
378.0,5.398
4812.0,6.271
4209.0,6.385
1625.0,5.889
2790.0,6.0
829.0,6.262
2664.0,6.682
3374.0,5.636
453.0,6.423
3953.0,6.049
2969.0,6.225
3758.0,5.001
291.0,6.084
1687.0,7.0
3152.0,6.638
1388.0,6.997
3093.0,6.993
841.0,7.0
1521.0,5.001
1398.0,7.0
2190.0,6.842
32.0,6.133
4779.0,5.184
1259.0,5.655
1367.0,5.204
862.0,5.902
2608.0,5.905
598.0,6.403
4132.0,5.0
3566.0,5.937
4861.0,5.945
1845.0,5.001
4629.0,6.071
1216.0,7.997
1393.0,5.46
3151.0,6.0
866.0,6.302
1941.0,5.202
38.0,5.32
158.0,6.59
1302.0,5.592
4623.0,6.39
2823.0,6.135
3609.0,6.0
1194.0,5.506
3697.0,6.001
3823.0,5.161
1556.0,5.89
1431.0,5.001
4162.0,7.0
3944.0,6.009
4220.0,6.125
4500.0,5.687
2831.0,5.153
3019.0,6.0
1223.0,5.003
1982.0,8.0
64.0,5.855
3754.0,7.997
3121.0,5.755
2111.0,5.0
2568.0,5.575
811.0,5.036
3564.0,6.001
1272.0,5.188
1869.0,5.84
2841.0,5.439
2920.0,5.535
4018.0,5.962
4523.0,5.999
2325.0,5.998
3559.0,5.605
4448.0,5.675
635.0,6.552
1804.0,5.999
3076.0,5.442
3086.0,7.0
2211.0,6.129
2252.0,5.239
1596.0,5.435
4365.0,5.914
491.0,6.365
192.0,6.372
2188.0,5.978
3831.0,5.0
1726.0,6.577
1891.0,5.209
3457.0,6.259
1351.0,6.966
4346.0,6.0
4853.0,6.009
3586.0,6.953
1003.0,5.713
4816.0,5.648
463.0,5.047
541.0,5.179
1082.0,6.0
1361.0,6.052
4683.0,6.152
1767.0,5.205
1536.0,5.003
4824.0,5.001
4675.0,6.066
4424.0,6.0
4218.0,5.967
4133.0,6.127
718.0,6.998
3864.0,6.494
4286.0,6.0
899.0,5.932
3856.0,6.0
849.0,6.478
3568.0,6.216
3101.0,6.142
3515.0,6.419
1203.0,6.0
1418.0,5.361
2134.0,5.92
4415.0,5.136
2883.0,6.271
1261.0,5.929
4030.0,6.133
3976.0,7.0
1371.0,6.598
1519.0,5.012
3542.0,6.0
1529.0,5.356
84.0,5.867
3653.0,6.0
1087.0,6.445
1569.0,5.64
218.0,5.549
3261.0,6.921
3631.0,6.0
4662.0,6.002
4687.0,6.0
220.0,5.004
1390.0,5.901
3136.0,5.086
3987.0,5.515
1669.0,5.321
1275.0,5.552
763.0,5.656
2661.0,6.059
2450.0,5.0
4596.0,6.326
3722.0,5.039
325.0,4.989
2140.0,5.001
3989.0,6.52
2244.0,5.227
655.0,7.065
1013.0,5.592
4725.0,5.851
3471.0,6.0
3112.0,5.755
3951.0,5.0
428.0,5.762
891.0,7.0
3570.0,5.999
4227.0,5.781
727.0,5.481
2425.0,5.398
3431.0,5.598
2543.0,6.0
4719.0,6.0
4334.0,8.0
2896.0,5.23
1763.0,5.782
4273.0,6.0
3367.0,6.887
3060.0,5.0
3209.0,5.783
4196.0,6.342
242.0,6.35
1507.0,5.586
3509.0,5.781
3440.0,6.393
651.0,7.0
3341.0,5.999
4508.0,6.567
799.0,6.387
2411.0,5.462
4667.0,6.714
1043.0,5.41
3917.0,5.032
562.0,5.533
95.0,5.544
1050.0,5.756
121.0,5.633
3616.0,5.001
4554.0,6.026
3497.0,6.147
2734.0,5.845
2081.0,5.503
461.0,5.671
1455.0,5.151
314.0,5.851
1620.0,6.992
3242.0,6.616
1234.0,6.137
2643.0,5.573
2539.0,5.693
3448.0,6.898
552.0,7.0
1177.0,5.789
1946.0,5.602
3970.0,6.093
2179.0,5.751
4360.0,5.003
3775.0,6.71
4034.0,5.0
1587.0,5.998
4399.0,5.648
4614.0,5.149
2828.0,7.0
117.0,6.399
3324.0,6.234
3035.0,6.291
3410.0,6.065
5316.0,5.869454545454546
5210.0,5.2
5211.0,5.051272727272727
4936.0,4.883636363636364
5993.0,5.386181818181818
6404.0,5.4025454545454545
5334.0,5.459636363636363
5045.0,5.218909090909091
6263.0,5.668363636363637
5697.0,6.0
5452.0,5.000363636363637
6095.0,5.999636363636363
5579.0,5.393818181818181
5424.0,5.564363636363637
6380.0,5.350909090909091
5449.0,6.095272727272727
6022.0,5.881818181818182
6401.0,5.892727272727273
5838.0,6.660727272727272
4982.0,6.0021818181818185
6433.0,5.313818181818182
5126.0,5.998909090909091
6247.0,5.718909090909091
4948.0,5.014181818181818
6046.0,6.4978181818181815
5615.0,5.456363636363636
5097.0,5.301818181818182
6040.0,5.949090909090909
6450.0,5.708363636363637
5658.0,5.153090909090909
5048.0,5.686909090909091
4972.0,5.653090909090909
5056.0,5.075636363636364
4901.0,5.646545454545454
4995.0,5.432363636363636
6203.0,5.001454545454545
5740.0,5.707272727272727
5928.0,5.874909090909091
5769.0,5.750909090909091
6106.0,6.998545454545455
6006.0,4.872727272727273
6316.0,5.000727272727273
5428.0,6.001818181818182
6144.0,5.179636363636364
4954.0,5.4203636363636365
5691.0,5.276727272727273
5077.0,5.0
5592.0,5.036363636363636
5921.0,6.544
6196.0,5.7487272727272725
5070.0,5.430181818181818
4988.0,5.093090909090909
6184.0,6.090181818181819
5644.0,4.978545454545454
6057.0,5.888
6114.0,5.446909090909091
5104.0,6.999636363636363
5168.0,5.741090909090909
5295.0,5.999636363636363
5655.0,4.946909090909091
5169.0,6.001090909090909
5815.0,5.996363636363636
5190.0,5.805454545454546
5022.0,5.2229090909090905
5959.0,6.533454545454545
5540.0,5.0
6078.0,6.0
5612.0,5.210181818181818
6160.0,5.313090909090909
6145.0,5.0021818181818185
5907.0,5.739272727272727
6231.0,5.115272727272727
6434.0,5.489454545454546
6436.0,6.102545454545455
5058.0,4.974545454545455
5352.0,6.050545454545454
5764.0,6.084727272727273
5970.0,5.682181818181818
6158.0,5.2967272727272725
5475.0,5.066181818181819
5397.0,6.000363636363637
5440.0,5.356363636363636
5342.0,6.861090909090909
5885.0,5.272363636363637
5878.0,5.999636363636363
5488.0,5.000363636363637
4937.0,5.0
5421.0,5.022181818181818
5698.0,5.106909090909091
5831.0,5.542545454545454
5829.0,5.542545454545454
6235.0,5.001090909090909
6119.0,6.000363636363637
6245.0,5.000727272727273
6174.0,6.551636363636364
5553.0,5.3170909090909095
6139.0,5.620727272727272
6234.0,5.002909090909091
5987.0,7.0
5919.0,6.0
5660.0,5.264363636363637
5195.0,5.494545454545454
6137.0,5.808
5143.0,5.347272727272728
5422.0,5.077818181818182
6210.0,4.789454545454546
6473.0,6.329454545454546
5817.0,6.000363636363637
5267.0,6.999272727272727
6182.0,5.653818181818182
5857.0,5.825090909090909
5943.0,5.805454545454546
5870.0,6.505454545454546
5772.0,6.573090909090909
5977.0,6.993818181818182
6127.0,5.002545454545454
5122.0,5.642545454545455
6239.0,6.0
6206.0,5.001090909090909
6101.0,5.225090909090909
5898.0,6.356
5459.0,5.021454545454546
5709.0,5.876
5708.0,5.281090909090909
5299.0,5.934181818181818
5591.0,5.0476363636363635
6365.0,4.782545454545454
5851.0,6.417090909090909
5160.0,5.851636363636364
6441.0,5.399272727272727
5180.0,5.470545454545454
5170.0,5.914909090909091
5361.0,4.953818181818182
5994.0,6.000363636363637
6005.0,6.933090909090909
6385.0,5.919636363636363
5377.0,5.656363636363636
5588.0,4.430909090909091
5934.0,6.240363636363637
5800.0,6.999272727272727
5009.0,5.074181818181819
5523.0,5.0
5628.0,5.4701818181818185
5528.0,5.4781818181818185
5954.0,6.998909090909091
5587.0,5.623272727272727
5746.0,5.0
5111.0,5.4203636363636365
5972.0,5.001818181818182
5417.0,5.56
6117.0,6.486909090909091
6445.0,5.2709090909090905
5401.0,6.699636363636364
5174.0,5.996
5332.0,6.0
5804.0,5.687636363636364
5889.0,5.2229090909090905
6392.0,6.064
5399.0,7.0
6050.0,5.0021818181818185
5204.0,5.156363636363636
5260.0,5.38
5053.0,5.0
6222.0,6.0
5999.0,6.001818181818182
6486.0,6.843272727272727
5681.0,5.000363636363637
5771.0,6.096363636363637
5545.0,4.978545454545454
4898.0,5.0
5413.0,5.010545454545454
6128.0,6.589818181818182
6359.0,4.324
6220.0,6.378909090909091
4975.0,5.425818181818181
5175.0,6.000363636363637
6178.0,5.310545454545455
4973.0,5.0
5337.0,5.160363636363637
6405.0,6.0
5932.0,5.125090909090909
5270.0,6.368
6304.0,6.005090909090909
5040.0,7.334545454545455
5389.0,6.811272727272727
5560.0,5.619272727272727
6287.0,5.319636363636364
5396.0,7.996727272727273
4977.0,5.040363636363637
5033.0,5.0
6051.0,5.985454545454545
6422.0,6.0058181818181815
5703.0,6.690181818181818
5378.0,5.675636363636364
4921.0,5.236727272727273
4943.0,5.756
5020.0,4.909090909090909
5849.0,6.998181818181818
5250.0,5.312363636363636
5706.0,5.692363636363637
6488.0,6.5138181818181815
5779.0,6.0341818181818185
5468.0,6.503636363636364
6056.0,6.004727272727273
6379.0,5.000727272727273
6195.0,6.132
6171.0,5.051636363636364
5624.0,5.876727272727273
5017.0,5.032
5526.0,5.478909090909091
6020.0,5.908727272727273
5855.0,5.773818181818182
5253.0,6.244727272727273
6097.0,5.318909090909091
6275.0,6.414181818181818
6442.0,6.4203636363636365
5915.0,6.000727272727273
6179.0,5.310545454545455
5016.0,5.999272727272727
6140.0,6.111272727272727
5727.0,6.000363636363637
6201.0,6.058909090909091
6175.0,5.064
5282.0,5.842181818181818
5065.0,5.134909090909091
5012.0,5.000363636363637
5506.0,5.665090909090909
5547.0,5.768727272727273
5690.0,5.332727272727273
5489.0,5.896727272727273
6270.0,4.999636363636363
6225.0,5.999272727272727
5935.0,4.715272727272727
5202.0,4.883272727272727
5466.0,5.718909090909091
5163.0,6.185090909090909
5788.0,5.568727272727273
6125.0,5.452
4991.0,5.003272727272727
4989.0,5.942545454545455
5651.0,5.002545454545454
6355.0,4.999636363636363
6154.0,5.032
6072.0,5.760727272727273
5880.0,6.995636363636364
6324.0,6.324727272727273
5134.0,6.0
6415.0,5.999636363636363
6218.0,5.311636363636364
5966.0,6.999636363636363
6059.0,5.884727272727273
5095.0,6.371636363636363
5315.0,5.423636363636364
6108.0,6.0
5551.0,6.242909090909091
6192.0,5.998909090909091
6052.0,6.0218181818181815
5216.0,6.999636363636363
5029.0,5.000363636363637
5096.0,7.5796363636363635
5683.0,5.1214545454545455
5920.0,5.483272727272727
5634.0,4.912727272727273
4945.0,5.513090909090909
5092.0,5.552
5518.0,5.134181818181818
5173.0,5.741818181818182
5672.0,5.510909090909091
5358.0,5.9461818181818185
4926.0,5.128363636363637
5684.0,5.1214545454545455
6199.0,6.102545454545455
5457.0,6.001818181818182
4951.0,5.086181818181818
5636.0,5.032363636363637
5982.0,6.0
6462.0,5.0
5770.0,5.638909090909091
6094.0,5.318545454545455
5649.0,5.000363636363637
5758.0,4.999636363636363
5897.0,5.646909090909091
5099.0,5.150181818181818
5640.0,5.484
5094.0,5.7032727272727275
6276.0,5.454909090909091
6451.0,4.9861818181818185
5276.0,7.399272727272727
5423.0,5.426545454545455
6363.0,4.999272727272727
5893.0,5.728727272727273
6193.0,5.164
5524.0,5.000727272727273
6205.0,5.519272727272727
5328.0,6.9941818181818185
6469.0,6.180363636363636
5075.0,5.640363636363636
6264.0,5.124727272727273
5568.0,5.5218181818181815
5680.0,4.987272727272727
5704.0,6.609454545454545
6323.0,6.0
6034.0,6.0
5271.0,5.286181818181818
4946.0,5.093818181818182
5633.0,4.912727272727273
5161.0,5.335272727272727
6147.0,6.0
5435.0,5.565818181818182
5583.0,5.000363636363637
4976.0,5.167636363636364
5607.0,5.938545454545454
5550.0,6.793454545454545
5384.0,5.013454545454546
5141.0,6.999272727272727
6280.0,5.000363636363637
5890.0,5.156363636363636
5900.0,7.000363636363637
6187.0,4.999636363636363
5373.0,5.002545454545454
5677.0,5.308
5476.0,5.174545454545455
5843.0,6.007636363636363
5710.0,5.002909090909091
6475.0,5.953090909090909
5372.0,5.766909090909091
5879.0,5.281454545454546
5289.0,6.0021818181818185
5416.0,6.436
4908.0,5.208363636363637
5256.0,5.782909090909091
5629.0,4.804363636363636
6286.0,5.894181818181818
5871.0,5.703636363636364
5119.0,5.342909090909091
5803.0,5.054545454545455
5860.0,5.472727272727273
6372.0,5.000363636363637
5601.0,5.696727272727273
5835.0,5.519636363636364
4915.0,5.241454545454546
5823.0,6.0556363636363635
6168.0,7.434909090909091
5362.0,5.842181818181818
5861.0,6.384727272727273
6194.0,5.164
5409.0,5.999636363636363
5517.0,5.8785454545454545
5132.0,4.799272727272728
4910.0,5.403636363636363
5227.0,5.624363636363636
5066.0,5.622909090909091
5653.0,5.112363636363637
5318.0,6.409454545454546
5228.0,6.0021818181818185
5778.0,5.503636363636364
5101.0,5.669090909090909
5301.0,5.7567272727272725
6271.0,5.062545454545455
5482.0,6.174909090909091
5549.0,4.933454545454546
6082.0,5.0
5031.0,5.580727272727272
5565.0,6.0
5605.0,5.489454545454546
5844.0,6.434909090909091
6349.0,6.054909090909091
4925.0,5.003636363636364
5069.0,5.430181818181818
6487.0,5.176363636363637
4956.0,5.610909090909091
6338.0,7.0396363636363635
6284.0,5.293454545454545
6370.0,6.347636363636363
6233.0,6.4025454545454545
4934.0,5.64
6096.0,6.268727272727273
6366.0,5.441454545454546
5791.0,5.014181818181818
5230.0,5.103272727272727
5877.0,5.001818181818182
6437.0,5.693818181818182
6071.0,5.7610909090909095
5187.0,5.1774545454545455
6285.0,5.294181818181818
5319.0,6.998181818181818
5705.0,6.6909090909090905
5325.0,5.530545454545455
5991.0,6.6534545454545455
6084.0,5.736363636363636
5671.0,5.525454545454545
5076.0,5.046545454545455
6049.0,6.000727272727273
5775.0,6.000363636363637
5701.0,5.439272727272727
5060.0,5.864
5137.0,4.798909090909091
5776.0,5.996363636363636
6320.0,6.152
5656.0,4.946909090909091
6256.0,5.231636363636364
5064.0,5.264
5329.0,5.165818181818182
6449.0,5.049090909090909
5927.0,6.994545454545454
5300.0,5.613090909090909
5949.0,5.349090909090909
5544.0,5.481090909090909
5322.0,5.0
6384.0,5.488727272727273
6155.0,5.644727272727272
5695.0,6.4701818181818185
5519.0,5.1534545454545455
5189.0,5.997454545454546
6427.0,5.334545454545455
5454.0,6.0
5807.0,6.000363636363637
5177.0,6.993818181818182
5411.0,6.998545454545455
6105.0,5.407636363636364
5247.0,5.887272727272728
5426.0,5.248363636363637
5600.0,5.773454545454546
5862.0,6.0
5929.0,5.529454545454546
5013.0,5.790181818181818
5997.0,5.000727272727273
5147.0,5.347636363636363
5598.0,5.012
6496.0,6.141090909090909
6018.0,6.702909090909091
4918.0,5.323636363636363
6412.0,5.989454545454546
5580.0,5.292363636363636
5891.0,5.224363636363637
5091.0,5.551636363636364
5498.0,5.073090909090909
5380.0,5.06
5152.0,5.999272727272727
5983.0,5.353090909090909
6068.0,6.184727272727272
6364.0,5.442909090909091
4964.0,5.856
6490.0,6.000363636363637
6417.0,5.409090909090909
5552.0,5.186181818181818
6493.0,6.049090909090909
6134.0,5.422909090909091
5744.0,5.0
5197.0,5.387272727272728
5223.0,6.0
5231.0,5.506545454545455
5155.0,5.166909090909091
5530.0,5.605090909090909
5798.0,6.569090909090909
4996.0,4.866909090909091
5590.0,5.418181818181818
5042.0,7.334545454545455
5371.0,6.497454545454546
6295.0,5.143636363636364
6277.0,5.999636363636363
6099.0,6.154181818181818
5781.0,5.002545454545454
